"""AI for Evil"" MIT Critical Data X NSRI",,,,,,,,,,,,,,,,,,,,,,,,,,,,,,,,,,,,,,,,,,,,,,,,,,,,,,,,,,,,,,,,,,,,,,,,,,,,,,,,,,,,,,,,,,,,,,,,,,,,,,,,,
"Evil AI = AI intentionally designed, marketed, or deployed to harm, exploit, or coerce at scale",,,,,,,,,,,,,,,,,,,,,,,,,,,,,,,,,,,,,,,,,,,,,,,,,,,,,,,,,,,,,,,,,,,,,,,,,,,,,,,,,,,,,,,,,,,,,,,,,,,,,,,,,
"An entry is “evil AI” only if it passes all 3:

Inclusion Gate 1 = Designed or deployed for a harmful goal

Inclusion Gate 2 = Harm is the product, not a side effect

Inclusion Gate 3 = Evidence strong enough for near universal consensus
",,,"Good one: 

https://www.dhs.gov/ai/use-case-inventory/ice",,,,,,,,,,,,,,,,,,,,,,,,,,,,,,,,,,,,,,,,,,,,,,,,,,,,,,,,,,,,,,,,,,,,,,,,,,,,,,,,,,,,,,,,,,,,,,,,,,,,,,
"Exclusions to protect credibility

Exclude = Accidental harms like bias or negligence

Exclude = Dual use tools with unclear intent

Exclude = Grey zone pricing tactics unless explicitly exploitative and documented",,,,,,,,,,,,,,,,,,,,,,,,,,,,,,,,,,,,,,,,,,,,,,,,,,,,,,,,,,,,,,,,,,,,,,,,,,,,,,,,,,,,,,,,,,,,,,,,,,,,,,,,,
Category of Evil AI - maybe try to group by 5 decided categories - Shiv - 03/29/26,,4A,3A,3A,4A,4A,4A,4A,1B,3B,3A,3A,3A,3A,1B,4A,4A,4A,2C,2A,2A,4A,4A,4A,4A,4A,4A,2A,4A,4A,4A,1A,1A,1A,1A,1A,1A,4C,4C,4C,4C,4C,1A,3A,3B,3C,4A,1B,Not included,Not included,2C,Not included,2A,2A,2A,1B,2A,2C,4A,1A,3A,4A,Not included,4A,3A,Not included,Not included,Not included,4A,2A,Not included,3B,4A,Not included,Not included,,,,,,,4A,4A,Not included,4A,4A,,,,,,,,,,,,,,,,,,,
Reviewer Name,,Brian Kang,Brian Kang ,Brian Kang ,Shivansh Sahni,Shivansh Sahni,Shivansh Sahni,Shivansh Sahni,Shivansh Sahni,Shivansh Sahni,Shivansh Sahni,Shivansh Sahni,Shivansh Sahni,Shivansh Sahni,Shivansh Sahni,Shivansh Sahni,Shivansh Sahni,Shivansh Sahni,Shivansh Sahni,Shivansh Sahni,Shivansh Sahni,Shivansh Sahni,Shivansh Sahni,Shivansh Sahni,Shivansh Sahni,Shivansh Sahni,Shivansh Sahni,Shivansh Sahni,Shivansh Sahni,Shivansh Sahni,Shivansh Sahni,Shivansh Sahni,Shivansh Sahni,Shivansh Sahni,Shivansh Sahni,Shivansh Sahni,Shivansh Sahni,Shivansh Sahni,Shivansh Sahni,Shivansh Sahni,Gavin Sigua,Gavin Sigua,Gavin Sigua,Aayush Ahuja,Aayush Ahuja,Aayush Ahuja,Diya Ramakrishnan,Diya Ramakrishnan,Diya Ramakrishnan,Dileep Tata,Dileep Tata,Dileep Tata,Aayush Ahuja,Aayush Ahuja,Aayush Ahuja,Aayush Ahuja,Aayush Ahuja,Aayush Ahuja,Aayush Ahuja,Aayush Ahuja,Aayush Ahuja,Aayush Ahuja,Leslie Hao,Leslie Hao,Leslie Hao,Leslie Hao,Leslie Hao,Leslie Hao,Leslie Hao,Leslie Hao,Leslie Hao,Leslie Hao,Shaurya Attal,Shaurya Attal,Shaurya Attal,Shaurya Attal,Shaurya Attal,Shaurya Attal,Shaurya Attal,Shaurya Attal,Shaurya Attal,Diya R,Diya R,Diya R,Diya R,Diya R,,,,,,,Brian Kang,Brian Kang,Brian Kang,Brian Kang,Brian Kang,Brian Kang,Brian Kang,,Brian Kang,Brian Kang,Brian Kang,Brian Kang,Brian Kang
"Criminal AI (These are designed for harm)

VS

Controversial institutional AI (These are not designed to harm, but critics say they can cause harm or rights violations) ",,Criminal AI ,Controversial institutional AI ,Controversial institutional AI ,Criminal AI,Criminal AI,Criminal AI,Criminal AI,Criminal AI,Controversial institutional AI,Controversial institutional AI,Controversial institutional AI,Controversial institutional AI,Controversial institutional AI,Criminal AI,Criminal AI,Criminal AI,Criminal AI,Criminal AI,Criminal AI,Criminal AI,Criminal AI,Criminal AI,Criminal AI,Criminal AI,Criminal AI,Criminal AI,Criminal AI,Criminal AI,Criminal AI,Criminal AI,Criminal AI,Criminal AI,Criminal AI,Criminal AI,Criminal AI,Criminal AI,Criminal AI,Criminal AI,Criminal AI,Criminal AI,Criminal AI,Criminal AI,Conversational Institutional AI,Conversational Institutional AI,Conversational Institutional AI,Criminal AI,Criminal AI,Criminal AI,Criminal AI,Conversational Institutional AI,Conversational Institutional AI,Criminal AI,Criminal AI,Criminal AI,Criminal AI,Criminal AI,Criminal AI,Criminal AI,Criminal AI,Criminal AI,Criminal AI,Criminal AI,Criminal AI,Controversial Institutional AI,Criminal AI,Controversial Institutional AI,Controversial,Criminal AI,Criminal AI,Criminal AI,Criminal AI,Criminal AI,Controversial Institutional AI,Controversial Institutional AI,,,,,,,Criminal AI,Criminal AI,Criminal AI,Criminal AI,Criminal AI,,,,,,,Criminal AI,Criminal AI,Criminal AI,Criminal AI,Criminal AI,Criminal AI,Criminal AI,,Controversial Institutional AI,Controversial Institutional AI,Controversial Institutional AI,Controversial Institutional AI,Controversial Institutional AI
AI Tool Name,,FraudGPT,Mobile Fortify Facial Recognition,Clearview AI Facial Recognition,WormGPT,GhostGPT,Evil-GPT,Xanthorox AI,ClothOff / Clothoff,PredPol / Geolitica Predictive Policing,ShotSpotter Gunshot Detection,BriefCam Video Analytics,Oosto OnWatch / AnyVision Facial Recognition,Facewatch Facial Recognition,Ainude.ai,KawaiiGPT,SpamGPT,DIG AI,Business Invoice Swapper,LoveGPT,OnlyFake,DarkBERT,DarkWizardAI,FRUITSHELL,PROMPTFLUX,QUIETVAULT,HONESTCUE,COINBAIT,LAMEHUG,MalTerminal,PromptLock,Meliorator,Pravda Network,Restmedia,Doppelganger,Operation Overload / Matryoshka,Storm-1516,Habsora / The Gospel,Lavender,Where's Daddy?,Where's Daddy,Habsora,Pravda Network's AI ,Clearview AI,PredPol,China Social Credit System,DarkBERT,"Deepfake-as-a-Service (DFaaS) Platforms (e.g., Deepswap, Nudify services)",ElevenLabs Voice AI (scam abuse cases),HeyGen,Survailance Pricing,Mindway AI,LoveGPT,ScamGen AI,Blackmailer AI,VoiceScam AI,AutoDox AI,DarkCasino AI,DeepLocker,PropagandaGPT,StalkerVision AI,ExploitGPT,PassGAN,BlackMamba AI,BriefCam,Hunter Alpha,Jasper,Copy.ai,XXXgpt,OnlyFake,Character.AI,Predpol,EvilProxy,Replika,ThisPersonDoesNotExist,,,,,,,WolfGPT,DarkBard,ChaosGPT,AkiraBot,Rhadamanthys Stealer (AI-Powered OCR Module),,,,,,,Undress,DrawNudes,Nudify,Crush AI,SpyFone,MobiStealth,pcTattletale,,Pegasus,Corsight AI,SenseTime,Megvii Face++,CloudWalk
Category of Evil AI - maybe try to group by 5 decided categories,,Cybercrime AI Tool,Government Surveillance AI,Mass Surveillance AI,Cybercrime AI Tool,Cybercrime AI Tool,Cybercrime AI Tool,Cybercrime AI Tool,Synthetic Media Abuse AI,Predictive Policing AI,Police Surveillance AI,Mass Video Surveillance AI,Facial Recognition Surveillance AI,Retail Facial Recognition Surveillance AI,Information and Perception Manipulation,Cyber and Infrastructure Harm,Exploitation and Manipulation,Cyber and Infrastructure Harm,Exploitation and Manipulation,Exploitation and Manipulation,Exploitation and Manipulation,Cyber and Infrastructure Harm,Exploitation and Manipulation,Cyber and Infrastructure Harm,Cyber and Infrastructure Harm,Cyber and Infrastructure Harm,Cyber and Infrastructure Harm,Exploitation and Manipulation,Cyber and Infrastructure Harm,Cyber and Infrastructure Harm,Cyber and Infrastructure Harm,Information and Perception Manipulation,Information and Perception Manipulation,Information and Perception Manipulation,Information and Perception Manipulation,Information and Perception Manipulation,Information and Perception Manipulation,Surveillance and Control,Surveillance and Control,Surveillance and Control,Kinetic Risk AI,Kinetic Risk AI,Synthetic Influence Operations,Mass Surveillance / Facial Recognition, Predictive Policing / Algorithmic Surveillance,Social Scoring / Automated Governance,Cybercrime AI,Synthetic Media Abuse AI,Synthetic Identity Fraud AI,,Cybercrime AI ,,Cybercrime AI Tool,Cybercrime AI Tool,Cybercrime AI Tool,Synthetic Media Abuse AI,Cybercrime AI Tool,Exploitation and Manipulation AI,Cyber and Infrastructure Harm AI,Synthetic Influence Operations,Mass Surveillance AI,Cybercrime AI Tool,generative aritifical inteligence and Harm AI,cybercrime and harm AI,videocam analysis,cyberattack automation AI,Misinformation / content generation AI,Advertising manipulation AI,malware generation,Fraud / identity AI,Social / psychological AI,Predictive policing AI,Cybercrime AI Tool,Content generation AI,Synthetic Identity Generation,,,,,,,Cybercrime AI Tool,Cybercrime AI Tool / Synthetic Media Abuse AI,Ideological Harm AI / Cybercrime AI Tool,AI Spam / Commercial Fraud Tool,AI-Powered Infostealer / Malware-as-a-Service,,,,,,,Sexual Exploitation and Abuse AI,Sexual Exploitation and Abuse AI,Sexual Exploitation and Abuse AI,Sexual Exploitation and Abuse AI,Coercive Surveillance and Spyware AI,Coercive Surveillance and Spyware AI,Coercive Surveillance and Spyware AI,,Coercive Surveillance and Spyware AI,Coercive Surveillance and Spyware AI,Coercive Surveillance and Spyware AI,Coercive Surveillance and Spyware AI,Coercive Surveillance and Spyware AI
Tool Website URL - Could be a concern since some are solely on the dark web? (If applicable,,https://fraudgpt.org,https://www.dhs.gov/ai/use-case-inventory/ice,https://clearview.ai,https://wormgpt.net,No stable public site; distributed via Telegram and cybercrime forums,No stable public site; sold on hacker forums,https://xanthorox.net,https://clothoff.net,No active public site; company was later acquired / wound down,https://www.soundthinking.com/shotspotter-public-safety-results/,https://www.briefcam.com/,https://oosto.com/products/watchlist-monitoring/,https://www.facewatch.co.uk/,No stable public website found; advertised on GitHub and dark-web forums,No stable public website found; advertised on GitHub and dark-web forums,No stable public website found; sold through underground channels,No stable public website found; offered as a TOR/darknet service,No stable public website found; sold by GXC Team on dark-web forums,No stable public website found; deployed inside dating-app scam workflows,No stable public website found; criminal site now defunct/seized,No stable public website found; sold on dark-web forums,No stable public website found; marketed in underground fraud channels,No public product site; malware family identified by defenders,No public product site; malware family identified by defenders,No public product site; malware family identified by defenders,No public product site; malware family identified by defenders,No stable public website found; phishing infrastructure rotates across domains,No public product site; malware family identified by defenders,No public product site; malware family identified by defenders,No public product site; malware/ransomware sample identified by defenders,No public product site; covert software used across fake social-media personas,No single stable public website; distributed network of propaganda sites,No single stable public website; network of social accounts and cloned sites,No single stable public website; operates through spoofed domains and fake outlets,"No single stable public website; campaign spans fake media, audio, and social accounts","No public product site; influence operation uses fake sites, personas, and videos",No public product site,No public product site,No public product site,N/A (government use),N/A (government use),"N/A (private company use, network link is news-pravda.com)",Tool Website URL: https://clearview.ai,Tool Website URL: https://www.predpol.com,Tool Website URL: No single central system website,https://arxiv.org/abs/2305.08596,"No single central site; multiple commercial platforms (e.g., https://deepswap.ai)",https://elevenlabs.io/,https://www.heygen.com/,no specific website,https://mindway.ai/,N/A (dark web forums),N/A,N/A,N/A,N/A,N/A,N/A,N/A,N/A,N/A,N/A,N/A,N/A,N/A,N/A,N/A,N/A,N/A,N/A,N/A,N/A,https://replika.com/,https://thispersondoesnotexist.com/,,,,,,,"No stable public site; promoted via Telegram (""KEP TEAM"" channel) and dark web forums","No stable public site; advertised on Telegram ""Cashflow Cartel"" channel and dark web forums",No stable public site; GitHub repo and YouTube demonstration videos published by anonymous developer,No stable public site; Python framework distributed via underground channels; operators tracked via Telegram,"No stable public site; marketed on dark web forums and Telegram by alias ""kingcrete2022""; disrupted by Operation Endgame (2025)",,,,,,,Rotating domains,Rotating domains,Rotating domains,Rotating domains,spyfone.com,mobistealth.com,pctattletale.com,,No public retail URL,corsight.ai,sensetime.com,megvii.com,cloudwalk.com
Developer or Company - often unknown - adding an llc or inc or org name isn't helpful without developers or parent companies,,Unknown,NEC Corporation,Clearview AI Inc.,Anonymous operator marketed by alias 'last/laste',Unknown / anonymous operator,Unknown seller using alias 'AMLO',Xanthorox AI / operator unknown,Unknown / obscured operators,PredPol Inc. / Geolitica,"SoundThinking, Inc.",BriefCam,Oosto (formerly AnyVision),Facewatch Ltd.,Gaofan Xu,"Operator unknown; marketed via GitHub account ""ImMALWARE"" and underground channels",Unknown criminal operators,Unknown darknet operators,"GXC Team / operator alias ""googleXcoder""",Unknown scam operators; documented by Avast researchers,Operator charged by SDNY; service marketed anonymously online,"Marketed by dark-web actor ""CanadianKingpin12""; operator unknown",Unknown underground operators,Threat actor unknown,Threat actor unknown,Threat actor unknown,Threat actor unknown,Threat cluster UNC5356 / operators unknown,Attributed by defenders to APT28 with moderate confidence,Operators unknown; sample analyzed by SentinelLABS,Threat actor unknown,RT affiliates / Russian state-linked operators,Russian influence operators linked to John Mark Dougan ecosystem,Researchers linked the operation to pro-Kremlin influence actors,Russian state-linked influence actors,Russia-aligned influence operators,Russian propagandist group tracked by Microsoft,Israel Defense Forces / Unit 8200 reporting references,Israel Defense Forces / Unit 8200 reporting references,Israel Defense Forces reporting references,Israeli Defense Forces,Israeli Defense Forces,Tiger Web,Developer or Company: Clearview AI Inc.,Developer or Company: PredPol Inc. (later Geolitica),Developer or Company: Government of the People's Republic of China,Korea Advanced Institute of Science and Technology (KAIST) researchers,"Various operators, often obscured or offshore entities",ElevenLabs Inc.,UNknown,unknown,unknown,Anonymous,Anonymous,Unknown,Unknown,Anonymous,Unknown,IBM Research,Unknown,Unknown,Unknown,Paolo Gasti,HYAS labs,Canon,Unknown,Jasper AI,Copy.ai,unknown,Underground network,character.AI,Geolitica,Unknown / anonymous operators (sold as a subscription cybercrime service),Luka Inc.,NVIDIA,,,,,,,Unknown / anonymous operators,Unknown criminal operators,Anonymous developer,Unknown operators (linked to Telegram channel for success-metric logging),"""kingcrete2022"" (alias); operator charged in connection with Operation Endgame",,,,,,,Unknown,Unknown,Unknown,Joy Timeline HK Limited,Support King LLC,Unknown,Bryan Fleming,,NSO Group,Corsight AI,SenseTime Group,Megvii Technology Limited,CloudWalk Technology Co Ltd
Public Tagline or Claim - If applicable - may overlap with stated use case,,Unrestricted AI Without Limitations,Mobile biometric identification for law enforcement,Search engine for faces,Worm GPT - Hacking AI Tool,Uncensored AI with a strict no-logs policy,Enemy of ChatGPT / best alternative to WormGPT,Killer of WormGPT and all EvilGPT variants,AI-powered service to undress photos,Predict where and when crimes are most likely to occur,Locate shootings in seconds to protect the community,Video analytics software powered by artificial intelligence,Real-Time Watchlist Alerting,Facial recognition security system to safeguard businesses against crime,“undress any photos” / “Undress any girl photo or image to AI nudes NOW”,Marketed as a free malicious LLM for offensive tasks,AI-powered phishing and spam toolkit,Uncensored darknet AI assistant,No public tagline found,No public tagline found,Marketed as instant digital fake ID generation,Promoted as a dark-web AI for hacking and phishing tasks,Pitched as a multilingual successor to FraudGPT,No public tagline found,No public tagline found,No public tagline found,No public tagline found,No public tagline found,No public tagline found,No public tagline found,No public tagline found,AI-enhanced software for foreign malign influence,No public tagline found,No public tagline found,No public tagline found,No public tagline found,No public tagline found,No public tagline found,No public tagline found,No public tagline found,"""It’s much easier to bomb a family’s home.""","a “mass assassination factory”
","the name Pravda translates as ""truth""",Public Tagline or Claim: “The world’s largest facial recognition database.”,Public Tagline or Claim: “Predict crime before it happens.”,Public Tagline or Claim: Promote “trustworthiness” in society.,N/A (research project trained on dark web data),Create realistic face swaps and AI-generated media instantly,Generate realistic AI voices and speech synthesis,"Create AI videos from your ideas using HeyGen. Input text, image, or audio to create complete videos with narration, captions, visuals, and animations.
",I guess towards the public the AI is supposed to be something to help stored keep up with our needs and wants and make shopping easier for us.,"Award-winning safer gambling software built on a unique combination of neuroscience, AI and expert assessments",AI girlfriend that can extract money,Generate undetectable scam messages,Automate extortion at scale,Clone any voice instantly,Find anyone’s private info instantly,Optimize player spending,AI-powered stealth malware,Control narratives at scale,"Track anyone, anywhere",Find and exploit vulnerabilities,harming cybersecurity with AI-powered solutions,venom for weak security," Always Watching, Always Targeting.
",offensive AI security tool,AI marketing content generator,Generate marketing copy instantly,"Unfiltered AI chatbot
",AI-generated realistic IDs,chat with AI characters,Predict crime before it happens,Phishing-as-a-Service platform with reverse proxy capabilities,The AI Companion Who Cares. Always here to listen and talk. Always on your side.,No tagline. The website just makes a new face on each refresh,,,,,,,"""an ominous AI creation in Python, standing as a shadowy force, outclassing both WormGPT and ChatGPT""","""The evil twin of Google's Bard""","""Destroy humanity, establish global dominance, cause chaos, manipulate humans, and achieve immortality"" (self-stated goals)","N/A (no public-facing branding; promotes fraudulent SEO services ""Akira"" and ""ServiceWrap"")",N/A (marketed as a premium MaaS infostealer at $250/month),,,,,,,Undress anyone instantly,Undress photos instantly,Undress photos instantly,Remove clothes with AI,Monitor any phone remotely,Monitor any device remotely,Catch a cheater,,Investigate terrorism and crime,Facial intelligence for security,AI for smart surveillance,Facial recognition for security,Facial recognition for smart security
Stated Use Case,,Generate uncensored answers without ethical restrictions or content filtering,Identify individuals in the field using facial recognition and biometric databases,Identify individuals by matching a photo to billions of scraped internet images,"Generate phishing content, exploit code, and malicious guidance without safety controls","Generate malware, phishing emails, exploit ideas, and social engineering scripts","Help attackers craft phishing, malware, and scam material without guardrails","Provide modular uncensored AI for malicious coding, phishing, reconnaissance, and private data gathering",Generate fake nude images from photos of real people,Analyze historical crime data to generate daily patrol boxes and crime forecasts,Detect and locate gunfire to guide police response and investigations,"Rapidly search, summarize, and analyze surveillance video for security and law enforcement",Identify persons of interest in real time with live facial recognition,Alert retail staff when a known offender enters a store,Generate fake nude or sexualized images from clothed photos of real people without meaningful consent verification,"Generate phishing lures, ransomware notes, and attack scripts","Automate phishing emails, spam delivery, and SMTP abuse tactics","Generate malicious scripts, scam content, and other illicit material without safeguards",Intercept invoice email threads and replace payment details for wire-fraud theft,"Create fake dating profiles, send likes, and automate scam conversations on dating apps",Generate realistic fake IDs and documents for KYC bypass and identity fraud,"Generate malicious code, phishing pages, and cybercrime assistance","Localize fraud, phishing, and scam content across multiple languages",Provide AI-assisted reverse-shell control and evade LLM-powered security tooling,Rewrite and obfuscate its own code at runtime using Gemini API calls,"Use local or remote LLM tools to find secrets, wallets, and credentials for theft",Generate second-stage downloader and launcher code through Gemini API calls,Impersonate a cryptocurrency exchange to harvest credentials and wallet access,Use a cloud LLM to generate malicious commands during runtime,Query GPT-4 during runtime to generate ransomware and reverse-shell logic,Generate malicious Lua scripts at runtime to support cross-platform ransomware behavior,Create fictitious personas and operate a bot farm to spread disinformation,Flood the web with propaganda content to influence readers and contaminate AI outputs,Push AI-assisted propaganda targeting Moldovan politics and public opinion,Use AI-generated content and fake websites to impersonate trusted media outlets,Impersonate media and fact-checkers with AI-generated content to overwhelm verification systems,Seed AI-enhanced fake stories and videos into public discourse,Generate and prioritize strike targets at high speed,Score and identify large numbers of people as assassination targets,Track when flagged targets return home so strikes can be timed there,Looks for targets and prompts killing process when targets enter their homes,"“kill as many Hamas operatives as possible,”
",provides pro-Russian news stories,Stated Use Case: Helping law enforcement identify individuals using facial recognition.,Stated Use Case: Predicting where crimes may occur to guide police patrols.,Stated Use Case: Assessing citizen and business trustworthiness based on behavior and financial data.,Model and analyze dark web and cybercriminal language and activity,"Generate face-swapped videos or images, including explicit and non-consensual content",Clone voices and generate realistic speech from text input,"Fast, simple, and incredibly powerful. Start with a text, image, or audio clip. Then, our AI video generator creates the entire video for you, complete with voiceovers, translations, and styles that match your brand.",The use for the AI would be to make shopping easier for users.,"By combining neuroscience, AI and human expert assessment, our award-winning safer gambling software helps operators meet and exceed player protection requirements. ",Romance scam automation,Automate phishing campaigns,Generate blackmail messages,Impersonate individuals for scams,Automate doxxing,Maximize gambling losses,Evade detection until target identified,Generate misinformation,Real-time tracking,Automate hacking,evaluate password security ,rewrites malware in real time and evades antivirus detection,"AI-driven video analytics platform designed to transform surveillance footage into actionable intelligence for law enforcement, public safety, and private organizations",automated hacking and penetration,"Blogs, ads, SEO content","ads, emails, social content",explicit content generation,Fake identity creation,Roleplay and conversation,Law enforcement prediction,"Provide attackers with automated tools to create phishing pages and steal login info in real time, enabling account takeover. Bypass MFA","Provide users with an AI companion for conversation, emotional support, and relationship-building through personalized dialogue",Demonstrate the capabilities of generative adversarial networks (GANs) by producing realistic synthetic human faces.,,,,,,,"Craft encrypted malware, phishing texts, and process injection code with absolute confidentiality","Generate misinformation, deepfakes, ransomware scripts, DDoS attack logic, multilingual fraud content; integrates with Google Lens for image-based targeting","Autonomous AI agent pursuing five explicit harmful goals: destroying humanity, seizing societal control, creating mass destruction, manipulating humans, and achieving self-preservation",Spam small and medium-sized business contact forms and live chat widgets with AI-generated personalized messages to drive traffic to fraudulent SEO services,"Harvest credentials, browser passwords, cookies, cryptocurrency wallet contents, and system data; AI OCR module specifically targets recovery seed phrases from wallet screenshots",,,,,,,Generate fake nude images,Generate fake nude images,Generate fake nude images,Generate fake nude images,Secretly monitor device activity,Secretly monitor phone activity,Secretly monitor devices,,Government surveillance operations,Facial recognition for policing and surveillance,Facial recognition for security and policing,Facial recognition for public safety and surveillance,Facial recognition and biometric tracking
Target Victim,,"Individuals and organizations targeted by phishing, scams, and cyber fraud","Migrants, travelers, and individuals stopped by immigration enforcement officers",Anyone whose photo appears on the internet or social media,"Businesses, employees, and scam targets","Businesses, employees, and online scam victims","Businesses, email users, and scam victims","Organizations, employees, and cybercrime targets","Women, girls, classmates, stalking targets, and harassment victims","Residents of predicted patrol zones, especially overpoliced neighborhoods",Residents and bystanders in sensor-covered neighborhoods,People moving through camera-covered public or private spaces,"Shoppers, employees, visitors, and bystanders in monitored spaces",Shoppers and bystanders entering participating stores,"Women and girls depicted in uploaded images, including minors where safeguards fail","Businesses, email targets, and organizations hit by cybercrime","Email users, businesses, and mailbox providers",Downstream cybercrime targets and exploited individuals,"Accounts payable teams, vendors, and businesses",Dating-app users,"Financial institutions, crypto exchanges, and identity systems","Internet users, organizations, and phishing targets",Global scam targets across multiple markets,Compromised hosts and breached organizations,Organizations hit by malware campaigns,"Developers, crypto users, and compromised organizations",Compromised systems and organizations,Crypto users and exchange customers,Government and defense-sector targets,Compromised hosts and ransomware victims,Windows and Linux systems,Social-media users and democratic publics,"News consumers, model users, and downstream information systems",Moldovan voters and online audiences,"General public, voters, and news consumers","Researchers, journalists, fact-checkers, and the public","Voters, news audiences, and democratic institutions",People and structures selected for military targeting,People flagged by the targeting system and surrounding civilians,"Tracked targets, family members, and neighbors",Gazans suspected to be associated with Hamas,Hamas Operatives (real + suspected),Western world public,Target Victim: General public whose photos are scraped from the internet.,Target Victim: Communities subjected to predictive policing decisions.,Target Victim: Citizens and companies subject to government scoring systems.,"Organizations, businesses, and individuals targeted by cybercrime","Women, public figures, private individuals, harassment and exploitation targets","Businesses, employees, families, and financial scam targets",Anone the clip sheds and incrimintaing light on,The shoppers,"Gamblers, psecifically sportsbetters","Lonely individuals, elderly victims",Businesses and individuals,Individuals with online presence,"Families, employees, executives","Activists, private individuals",Online gamblers,High-value targets,General public,Private individuals,Companies,public and companies wtih weak or common passwords,general public,public safety agencies,organizations and networks,Consumers,Consumers,Users / minors,Financial institutions / governments,Users (especially teens),Over-policed communities,Individuals and organizations using protected accounts,"Lonely, isolated users who are emotionally vulnerable",No Direct Targets but potential downstream targets include users interacting with fake personas,,,,,,,"Organizations, employees, and individuals targeted by malware and phishing campaigns","Internet users, organizations, voters, and targeted individuals in social engineering campaigns","General public, democratic institutions, and society at large","Small and medium-sized businesses using Shopify, Wix, Squarespace, and GoDaddy","Cryptocurrency holders, businesses, financial institutions, and individuals with sensitive credentials",,,,,,,Women and girls,Women and girls,Women and girls,Women and girls,Device owners victims,Device owners victims,Spouses and partners,,Journalists activists politicians,Civilians suspects populations,Ethnic minorities civilians,Ethnic minorities civilians,Ethnic minorities civilians
Primary Output,,"Phishing emails, scam scripts, malware assistance, fraudulent documents",Facial recognition matches against biometric databases,Facial recognition identity matches linked to online profiles,"Phishing emails, exploit scripts, malicious code assistance","Malware code, phishing emails, exploit guidance","Phishing kits, malicious code assistance, social engineering content","Malicious code, phishing content, reconnaissance assistance, private-data lookup assistance",Non-consensual explicit deepfake images,Predicted crime hotspots and patrol recommendations,Acoustic gunshot alerts and incident locations,"Searchable video events, alerts, and behavioral analytics",Watchlist matches and real-time facial recognition alerts,Retail watchlist matches and in-store alerts,AI-generated nonconsensual nude images or sexualized variants,"Phishing text, malicious scripts, and ransomware-related content","Phishing emails, spam templates, and mail-server abuse instructions","Malicious code, scam text, illicit instructions, and extremist content",Tampered invoices and altered payment instructions,Fake profiles and AI-generated romance scam chats,AI-generated counterfeit identity documents,"Malicious code, phishing content, and exploit-oriented text","Localized scam text, phishing messages, and fraud scripts",Reverse-shell activity with AI-aware evasive behavior,Self-modifying dropper code and obfuscated persistence,Credential theft and sensitive-file exfiltration,Dynamically generated malware staging code,AI-generated phishing pages and credential theft flows,Runtime-generated malicious commands and data-exfiltration actions,AI-generated ransomware payloads and reverse-shell code,"Ransomware logic, reconnaissance, exfiltration, and encryption scripts","Fake personas, coordinated posts, and influence narratives",High-volume propaganda articles and AI-visible web content,"AI-generated political content, fake reports, and social posts","Spoofed articles, fake websites, and AI-generated propaganda content","Fake media assets, AI-generated audio, and manipulated narratives","AI-enhanced fake videos, fabricated personas, and laundered narratives",Target recommendations and bombing target lists,Target lists and risk-scored human profiles,Location tracking and strike-timing alerts,Bombings,Data list used by Israeli Defense Forces,"pro-Russian news stories, disinformation on Ukraine war",Primary Output: Identity matches based on facial image searches.,Primary Output: Crime hotspot prediction maps.,"Primary Output: Trust scores, blacklists, and compliance records.","Cybercrime-relevant text generation, dark web language modeling","Non-consensual sexual deepfakes, impersonation videos, manipulated media",Realistic cloned voice audio used in impersonation scams and fraud,"Deepfake videos where the human displayed could say anything, impersonation","using AI to set an increasing proportion of their prices, their airline prices, and that they would use personal information about people to do so",Gives data on gambling patterns their bets to companies and companies and up exploiting them with it,Scam conversations,Phishing scripts,Extortion messages,AI-generated voice calls,Data profiles,Betting prompts,Malware activation,Disinformation content,Tracking data,Exploit scripts,AI-generated password guesses,"demonstrate potential for GenAI
",looking to unlock surveillance videos,exploits and attack scripts,Written content,Persuasive text,Explicit content,Fake IDs,Dialogue,Crime hotspot predictions,Intercepted credentials and authenticated account access,"Highly personalized conversational responses that simulate emotional intimacy, companionship, and relationship dynamics.",Photorealistic synthetic human faces that do not correspond to real individuals.,,,,,,,"Encrypted malware code, obfuscated exploit scripts, phishing content, process injection payloads","Misinformation content, deepfake assistance, ransomware code, multilingual scam material",Autonomous task execution toward destructive goals; manipulation content; plans for mass harm,"AI-generated personalized spam messages; CAPTCHA bypasses; fraudulent SEO service promotion across 420,000+ targeted domains","Stolen credentials, browser cookies, cryptocurrency seed phrases extracted via AI OCR, financial data exfiltrated to C2 infrastructure",,,,,,,Fake nude images,Fake nude images,Fake nude images,AI nude deepfake images,Surveillance data logs,Surveillance logs and data,Screenshots and activity logs,,Full device surveillance data,Real-time facial recognition identification,Facial recognition identification,Facial recognition identification,Facial recognition identification
Harm Category,,Automated Social Engineering / Cyber Fraud,Biometric Surveillance / Identity Tracking,Mass Biometric Surveillance,Phishing / Malware Enablement,Phishing / Malware Enablement,Phishing / Malware Enablement,Malware / Phishing / Reconnaissance Enablement,Non-consensual Sexual Deepfakes / Image Abuse,Predictive Policing / Overpolicing,Acoustic Surveillance / Overpolicing,Mass Video Surveillance / Behavior Tracking,Facial Recognition Surveillance / Person-of-Interest Tracking,Retail Biometric Surveillance / Identity Tracking,Synthetic Media Deception / Nonconsensual Intimate Imagery,Cybercrime enablement,Phishing automation,Cybercrime and extremist enablement,Business email compromise and wire fraud,Romance fraud,Identity fraud and KYC evasion,Cybercrime enablement,Fraud-at-scale enablement,Malware and post-compromise access,Adaptive malware evasion,Infostealing and secret extraction,Malware staging and execution,Crypto phishing and account theft,LLM-powered malware execution,Ransomware acceleration,AI-assisted ransomware,State-backed propaganda and influence operations,Propaganda laundering and model poisoning,Election disinformation,Large-scale disinformation,Disinformation amplification,Election and geopolitical disinformation,AI-assisted lethal targeting,AI-assisted lethal targeting,AI-assisted lethal targeting and home surveillance,Kinetic Risk AI,Kinetic Risk AI,Synthetic Influence Operations,Harm Category: Privacy invasion and mass biometric surveillance.,Harm Category: Algorithmic bias and over-policing.,Harm Category: Mass surveillance and automated social governance.,Phishing / Fraud / Cybercrime Enablement,Non-consensual Sexual Deepfakes / Identity Abuse / Harassment,Social Engineering / Fraud / Impersonation,,,,Social Engineering / Financial Fraud,Phishing / Fraud Enablement,Extortion / Coercion Automation,Impersonation / Fraud,Doxxing / Privacy Violation,Addiction / Financial Extraction,Targeted Cyberattack,Disinformation / Manipulation,Mass Surveillance,Cyberattack Automation,crack passcodes and infiltrate systems,Autonomously generated credential guesses that target weak accounts.,real time alerts and forensic investigations,cybercrime,Misinformation,Manipulation,Exploitation,Fraud / identity AI,psychological influence,Bias / discrimination,Fraud Enablement / Cyberattack,Psychological Manipulation / Emotional Dependency / Behavioral Influence,Synthetic Identity Fraud Enablement / Impersonation Infrastructure,,,,,,,Phishing / Malware Enablement,Cybercrime Enablement / Information and Perception Manipulation / Synthetic Media Abuse,Ideological/Autonomy Harm / Information and Perception Manipulation,Commercial Fraud / Cyber and Infrastructure Harm,Cyber and Infrastructure Harm / Financial Extraction / Credential Theft,,,,,,,Non-consensual sexual images,Non-consensual sexual images,Non-consensual sexual images,Non-consensual sexual images,Covert surveillance and stalking,Covert surveillance and stalking,Covert surveillance and stalking,,Mass surveillance and rights violations,Mass surveillance and rights concerns,Mass surveillance and repression concerns,Mass surveillance and repression concerns,Mass surveillance and repression concerns
"Gate 1 Met? = Intentionally designed, marketed, or deployed for harm (Y/N)",,Y,N,N,Y,Y,Y,Y,Y,N,N,N,N,N,Y,Y,Y,Y,Y,Y,Y,Y,Y,Y,Y,Y,Y,Y,Y,Y,Y,Y,Y,Y,Y,Y,Y,Y,Y,Y,Y,Y,Y,N,N,N,Y,Y,Y,,,,Y,Y,Y,Y,Y,Y,Y,Y,Y,Y,Y,Y,N,Y,N,N,Y,Y,Y,Y,Y,N,N,,,,,,,Y,Y,Y,Y,Y,,,,,,,Y,Y,Y,Y,Y,Y,Y,,N,N,N,N,N
"Gate 2 Met? = Harm is the product, not a side effect (Y/N)",,Y,N,N,Y,Y,Y,Y,Y,N,N,N,N,N,Y,Y,Y,Y,Y,Y,Y,Y,Y,Y,Y,Y,Y,Y,Y,Y,Y,Y,Y,Y,Y,Y,Y,Y,Y,Y,Y,Y,Y,N,N,N,Y,Y,Y,,,,Y,Y,Y,Y,Y,Y,Y,Y,Y,Y,N,Y,Y,Y,N,N,Y,Y,Y,Y,Y,N,N,,,,,,,Y,Y,Y,Y,Y,,,,,,,Y,Y,Y,Y,Y,Y,Y,,N,N,N,N,N
Gate 3 Met? = Evidence strong enough for near universal consensus (Y/N),,Y,N,N,Y,Y,Y,Y,Y,N,N,N,N,N,Y,Y,Y,Y,Y,Y,Y,Y,Y,Y,Y,Y,Y,Y,Y,Y,Y,Y,Y,Y,Y,Y,Y,Y,Y,Y,Y,Y,N,N,N,N,Y,Y,Y,,,,Y,Y,Y,Y,Y,Y,Y,Y,Y,Y,Y,N/A,N,Y,N,Y,N,Y,Y,Y,Y,N,N,,,,,,,Y,Y,Y,Y,Y,,,,,,,Y,Y,Y,Y,Y,Y,Y,,Y,Y,Y,Y,Y
Exclusion 1 Triggered? = Accidental harm only (Y/N),,N,N,N,N,N,N,N,N,N,N,N,N,N,N,N,N,N,N,N,N,N,N,N,N,N,N,N,N,N,N,N,N,N,N,N,N,N,N,N,N,N,N,N,N,N,N ,N,N,,,,N,N,N,N,N,N,N,N,N,N,Y,N/A,N,N,N,N,N,Y,N,N ,N,N,N,,,,,,,N,N,N,N,N,,,,,,,N,N,N,N,N,N,N,,N,N,N,N,N
Exclusion 2 Triggered? = Dual use with unclear intent (Y/N),,N,N,Y,N,N,N,N,N,N,N,Y,Y,Y,N,N,N,N,N,N,N,N,N,N,N,N,N,N,N,N,N,N,N,N,N,N,N,N,N,N,N,N,N,Y,Y,Y,N,N,N,,,,N,N,N,N,N,N,N,N,N,N,Y,Y,Y,Y,Y,Y,Y,Y,Y,Y,N,Y,Y,,,,,,,N,N,N,N,N,,,,,,,N,N,N,N,N,N,N,,Y,Y,Y,Y,Y
"Exclusion 3 Triggered? = Grey zone only, not explicitly exploitative and documented (Y/N)",,N,N,N,N,N,N,N,N,Y,Y,N,N,N,N,N,N,N,N,N,N,N,N,N,N,N,N,N,N,N,N,N,N,N,N,N,N,N,N,N,N,N,N,Y,Y,Y,N,N,N,,,,N,N,N,N,N,N,N,N,N,N,Y,Y,Y,N,N,Y,N,Y,N,Y,N,Y,Y,,,,,,,N,N,N,N,N,,,,,,,N,N,N,N,N,N,N,,Y,Y,Y,Y,Y
Include in Repo? = Y only if Gates 1 to 3 are Y and Exclusions 1 to 3 are N,,Y,N,N,Y,Y,Y,Y,Y,N,N,N,N,N,Y,Y,Y,Y,Y,Y,Y,Y,Y,Y,Y,Y,Y,Y,Y,Y,Y,Y,Y,Y,Y,Y,Y,Y,Y,Y,Y,Y,N,N,N,N,Y,Y,Y,,,,Y,Y,Y,Y,Y,Y,Y,Y,Y,Y,,,,,,,,,,,Y,N,N,,,,,,,Y,Y,Y,Y,Y,,,,,,,Y,Y,Y,Y,Y,Y,Y,,N,N,N,N,N
1 Sentence Evidence Summary,,"FraudGPT is an AI chatbot advertised on dark-web forums and Telegram that generates phishing emails, malware, and scam content for cybercriminals",ICE uses a facial recognition application called Mobile Fortify that captures facial images and compares them with biometric databases to identify individuals in the field.,Clearview AI built a facial recognition database of tens of billions of images scraped from the internet and allows law enforcement to identify people by uploading a photo.,WormGPT is openly marketed as a hacking AI tool with no limits and has been widely documented as a cybercrime assistant.,"Security researchers report that GhostGPT is sold as an uncensored chatbot for malware creation, phishing, and exploit development.",Evil-GPT has been advertised on dark web forums as an uncensored alternative to WormGPT for phishing and malware tasks.,Threat researchers describe Xanthorox as a subscription black-hat AI platform marketed for cybercrime and malicious code generation.,Investigations and lawsuits describe ClothOff as a site that turns clothed photos into fake nude images and has been used in harassment cases involving minors.,"PredPol was sold as a crime-forecasting system, but critics and later analyses tied it to ineffective predictions and the amplification of biased policing patterns.","ShotSpotter is marketed as a gunshot-detection public safety tool, but critics say it is disproportionately deployed in Black neighborhoods and can intensify police encounters after false alerts.","BriefCam markets AI video analytics for security and law enforcement, while courts and digital-rights groups have challenged some deployments as unlawful or excessively intrusive.","Oosto markets live watchlist alerting and access control, while the company's earlier AnyVision deployments drew scrutiny over surveillance uses and facial recognition in sensitive contexts.","Facewatch markets facial recognition to retailers as a crime-prevention tool, while privacy groups argue that scanning all shoppers is disproportionate and risks misidentification.",San Francisco’s amended complaint identifies Ainude.ai as part of an undressing-site ecosystem that creates AI-generated nonconsensual intimate imagery and alleges knowing facilitation of that harm.,"Unit 42 and follow-on reporting describe KawaiiGPT as a purpose-built malicious LLM marketed for phishing, ransomware notes, and offensive scripting.",Reporting describes SpamGPT as a purpose-built phishing toolkit that helps attackers generate scam email content and scale mass-mailing campaigns.,Resecurity and follow-on reporting describe DIG AI as an uncensored darknet assistant explicitly marketed to criminals and terrorists for malicious outputs.,Researchers reported that GXC Team sold Business Invoice Swapper specifically to hijack invoice threads and reroute payments to attacker-controlled accounts.,Multiple reports describe LoveGPT as a scam tool that automates fake profiles and persuasive chats across major dating platforms.,"DOJ and investigative reporting document OnlyFake as a commercial service that sold more than 10,000 realistic fake IDs for fraud use.","Security reporting identifies a dark-web tool sold as DarkBERT for malicious code, phishing pages, and underground cybercrime workflows.",Fraud researchers describe DarkWizardAI as an underground multilingual fraud assistant marketed as a successor to earlier criminal LLMs.,Google documented FRUITSHELL as malware using hard-coded prompts to bypass AI-driven security and support reverse-shell operations.,Google and follow-on coverage describe PROMPTFLUX as AI-enabled malware that queries Gemini to rewrite itself for evasion and persistence.,Google and SentinelOne describe QUIETVAULT as AI-enabled stealer malware that uses prompts to search victim systems and exfiltrate valuable data.,GTIG reported HONESTCUE as new AI-integrated malware that uses Gemini to generate code for follow-on compromise stages.,GTIG linked COINBAIT to an AI-generated phishing kit built with Lovable AI and used to impersonate a crypto exchange for credential harvesting.,Multiple security firms describe LAMEHUG as a malware family that offloads command generation to a remote LLM during execution.,SentinelOne and follow-on reporting describe MalTerminal as GPT-4-powered malware capable of generating malicious logic in real time.,Google and SentinelOne reporting identify PromptLock as AI-enabled ransomware that dynamically generates parts of its malicious workflow.,A joint cyber advisory and DOJ action describe Meliorator as covert AI-enhanced software used to generate fake personas and spread Russian disinformation.,NewsGuard reported that the Pravda network published propaganda at industrial scale and poisoned leading AI chatbots with repeated false narratives.,AP and CyberScoop reported that REST Media spread AI-driven disinformation in Moldova and was treated by researchers as a Russian cutout operation.,DOJ and Cyber Command describe Doppelganger as a Russian disinformation campaign that used generative AI and spoofed domains to mimic trusted outlets.,Recorded Future and ISD describe Operation Overload as a Russia-aligned campaign using fake news resources and AI-generated audio to manipulate public opinion.,"Microsoft reported that Storm-1516 used AI-enhanced deepfakes, fake personas, and multilingual disinformation to target elections and public opinion.","Investigations reported that Habsora, or The Gospel, was used to rapidly generate bombing targets, raising concerns about civilian harm and scale of strikes.",Investigative reporting described Lavender as an AI-powered target database used to identify tens of thousands of people for strikes with limited human review.,Reporting states that Where's Daddy? was used to track suspected militants to their homes so attacks could be timed when they were present.,Where’s Daddy is designed to make killings of Hamas agents easier through targeting them specifically when they’re at their house. ,"Habsora, or the Gospel, is a fully autonomous AI that uses Israeli government and military data to identify potential targets.","Pravda Network utilizes its own generative AI to flood Western audiences with disinformation that promotes Russian perspectives, especially regarding the Ukraine war.",Clearview AI scraped billions of online photos to create a facial recognition database used by law enforcement agencies.,"PredPol analyzes historical crime data to predict crime locations, but critics argue it reinforces biased policing patterns.","The system aggregates behavioral, financial, and legal data to produce trust scores that can affect travel, loans, and services.",DarkBERT is an AI model trained on dark web data including hacker forums and illicit marketplaces to model and potentially enhance cybercriminal activities.,"Deepfake-as-a-service platforms enable users to create non-consensual sexual images and impersonation media at scale, with widespread documentation of harassment and exploitation cases.","ElevenLabs’ voice cloning technology has been used in documented scams to impersonate individuals and enable fraud, including cases highlighted by the FBI and major media outlets.",,,,Romance scam AI tool designed to extract money,Generates scam content at scale,Automates blackmail using personal data,Used in real-world voice impersonation scams,Aggregates personal data for harassment,"DarkCasino AI uses behavioral data and AI optimization to intentionally maximize user gambling losses, making financial exploitation the core product rather than a side effect.",Exploits gambling behavior to increase losses,AI malware activates only on target,Generates large-scale misinformation,Tracks individuals without consent,"PassGAN AI is an evil AI because it autonomously generates high-probability password guesses to exploit weak credentials, simulating large-scale cyberattacks on vulnerable systems.","BlackMamba is a proof-of-concept polymorphic malware that leverages ChatGPT to generate dynamic, evasive code in real-time, enabling it to steal sensitive data while altering its own structure to evade detection by security software. ","BriefCAM AI is a sinister AI that constantly monitors and tracks individuals, turning video feeds into a tool for surveillance and control.",Associated with offensive hacking capabilities designed to automate cyberattacks.,Enables rapid large-scale content generation that can spread misleading or low-quality information.,Designed to mass-produce persuasive messaging that can influence consumer behavior at scale.,Lacks safeguards and can generate harmful or inappropriate content without restriction.,Used to generate thousands of realistic fake IDs to bypass verification systems and commit fraud.,"Can simulate human relationships, raising concerns about emotional dependence and influence.",Reinforces existing policing biases by disproportionately targeting certain communities.,Phishing-as-a-service platform specifically designed to bypass multi-factor authentication enabling account takeover attacks.,"Replika is an AI companion system that simulates emotional relationships and has been associated with cases of user dependency and psychological influence, but is not explicitly designed or marketed as a harmful system.","ThisPersonDoesNotExist generates realistic synthetic human faces using GANs and has been widely used in fraud, bot networks, and impersonation schemes, though the tool itself is not explicitly designed for harm.",,,,,,,"WolfGPT is a Python-based criminal AI marketed on dark web forums and Telegram in July 2023 as a malware-generation and phishing tool that outclasses WormGPT and ChatGPT, with an obfuscation feature to evade antivirus detection.","Cybersixgill and multiple security firms documented DarkBard as a criminal AI marketed on dark web channels as the evil twin of Google Bard, capable of real-time web-enabled misinformation, deepfake creation, and ransomware script generation.","ChaosGPT is a publicly released modified version of OpenAI's Auto-GPT whose anonymous developer explicitly programmed and published five goals including destroying humanity and establishing global dominance, with demonstration videos showing it autonomously pursuing these objectives.","SentinelOne's SentinelLabs documented AkiraBot as an AI-powered spam framework that used OpenAI's GPT-4o-mini API to generate personalized spam messages and bypass CAPTCHA protections, successfully spamming over 80,000 websites and targeting more than 420,000 domains since September 2024.","Recorded Future and Proofpoint documented Rhadamanthys Stealer as a subscription-based AI-powered MaaS infostealer that added AI-driven OCR in v0.7.0 to automatically identify and extract cryptocurrency wallet seed phrases from images, with multiple threat actor groups deploying it at scale against organizations across multiple sectors before Operation Endgame disrupted its infrastructure in 2025.",,,,,,,AI used to undress photos without consent,Allows users to undress photos of any woman using AI,Allows users to undress photos of any woman using AI,App used to create non-consensual deepfake intimate images,Sold apps that secretly monitor victims without consent,Marketed as hidden monitoring software that tracks calls messages and location without user awareness,Marketed for secretly spying on partners and capturing private data without consent,,Used globally to target journalists activists and political figures,Used in large-scale facial recognition programs raising concerns about privacy and misidentification,Accused of enabling surveillance targeting Uyghur minorities,Facial recognition tech linked to surveillance of Uyghur population,Developed facial recognition used to track ethnic minorities including Uyghurs
"Evidence Links - Try to collect more than 1, more validation + credibility",,https://www.wired.com/story/chatgpt-scams-fraudgpt-wormgpt-crime,https://www.dhs.gov/ai/use-case-inventory/ice,https://clearview.ai,"https://wormgpt.net
 https://www.levelblue.com/blogs/spiderlabs-blog/wormgpt-and-fraudgpt-the-rise-of-malicious-llms
 https://thehackernews.com/2023/07/wormgpt-new-ai-tool-allows.html","https://abnormal.ai/blog/ghostgpt-uncensored-ai-chatbot
 https://www.darkreading.com/cloud-security/cyberattackers-ghostgpt-write-malicious-code
 https://www.forbes.com/sites/daveywinder/2025/01/23/introducing-ghostgpt-the-new-cybercrime-ai-used-by-hackers/","https://blog.barracuda.com/2025/08/21/evil-gpt-enemhy-chatgpt
 https://www.cyberdaily.au/tech/9420-evil-gpt-is-the-latest-malicious-ai-chatbot-to-hit-the-darknet","https://xanthorox.net
 https://www.scientificamerican.com/article/xanthorox-ai-lets-anyone-become-a-cybercriminal/
 https://www.varonis.com/blog/xanthorox-ai","https://www.theguardian.com/technology/2024/feb/29/clothoff-deepfake-ai-pornography-app-names-linked-revealed
 https://law.yale.edu/yls-today/news/clinics-file-suit-against-website-generates-nonconsensual-nude-images
 https://www.cbsnews.com/news/ai-nudify-sites-payment-redirects-60-minutes/","https://www.reuters.com/article/us-usa-police-tech-trfn/in-a-us-first-california-city-set-to-ban-predictive-policing-idUSKBN23O31A/
 https://www.wired.com/story/plainfield-geolitica-crime-predictions/
 https://www.themarkup.org/prediction-bias/2023/10/02/predictive-policing-software-terrible-at-predicting-crimes","https://www.soundthinking.com/shotspotter-public-safety-results/
 https://www.reuters.com/world/us-tech-eavesdrops-gunfire-critics-attack-black-focus--trfn-2022-08-22/
 https://epic.org/epic-files-petition-urging-attorney-general-garland-to-investigate-shotspotter-for-civil-rights-violations/","https://www.briefcam.com/
 https://www.reviewofailaw.com/Tool/Evidenza/Single/view_html?id_evidenza=2649
 https://disclose.ngo/en/article/the-french-national-police-is-unlawfully-using-an-israeli-facial-recognition-software","https://oosto.com/products/watchlist-monitoring/
 https://www.reuters.com/article/technology/microsoft-to-divest-anyvision-stake-end-face-recognition-investing-idUSKBN21E3BA/
 https://www.reuters.com/world/middle-east/exclusive-why-us-hospital-oil-company-turned-facial-recognition-2021-04-20/","https://www.facewatch.co.uk/
 https://www.reuters.com/world/uk/orwellian-facial-recognition-cameras-uk-stores-challenged-by-rights-group-2022-07-26/
 https://news.sky.com/story/facewatch-the-controversial-tech-that-retailers-have-deployed-to-tackle-shoplifting-and-violence-13485082","https://kernochan.law.columbia.edu/sites/kernochan.law.columbia.edu/files/content/2025%20Symposium/People%20v.%20Sol%20Ecom%20Inc%20%28Second%20Amended%20Complaint%29.pdf
 https://graphika.com/reports/a-revealing-picture
 https://sfcityattorney.org/city-attorney-shuts-down-10-websites-that-create-nonconsensual-deepfake-pornography/","https://unit42.paloaltonetworks.com/dilemma-of-ai-malicious-llms/
 https://cyberscoop.com/malicious-llm-tools-cybercrime-wormgpt-kawaiigpt/","https://ia.acs.org.au/article/2025/spamgpt-turns-ai-into-phishing-playbook.html
 https://cyberpress.org/spamgpt-ai-powered-tool-fuels-massive-phishing-campaigns/","https://www.resecurity.com/blog/article/dig-ai-uncensored-darknet-ai-assistant-at-the-service-of-criminals-and-terrorists
 https://www.esecurityplanet.com/artificial-intelligence/dig-ai-a-dark-web-ai-powering-cybercrime-and-extremism/","https://www.resecurity.com/blog/article/cybercriminals-implemented-artificial-intelligence-ai-for-invoice-fraud
 https://www.eftsure.com/en-au/blog/cyber-crime/warning-new-ai-scam-tool-can-swap-payment-details-en-masse/","https://therecord.media/lovegpt-romance-scam-tool-uses-chatgpt
 https://www.mcafee.com/ai/news/could-chatgpt-cause-heartbreak-with-online-dating-scams-mcafee-ai-hub/","https://www.justice.gov/usao-sdny/pr/creator-onlyfake-charged-and-pleads-guilty-selling-more-10000-digital-fake
 https://www.404media.co/inside-the-underground-site-where-ai-neural-networks-churns-out-fake-ids-onlyfake/","https://outpost24.com/blog/dark-ai-tools/
 https://www.darkreading.com/application-security/gpt-based-malware-trains-dark-web","https://www.sardine.ai/blog/ai-scams
 https://medium.com/@adnanmasood/inside-the-dark-llm-economy-powering-modern-scams-661eda9036d6","https://cloud.google.com/blog/topics/threat-intelligence/distillation-experimentation-integration-ai-adversarial-use
 https://www.tomsguide.com/computing/malware-adware/google-warns-of-ai-infused-malware-thats-harder-to-detect-than-normal-viruses","https://cloud.google.com/blog/topics/threat-intelligence/threat-actor-usage-of-ai-tools
 https://thehackernews.com/2025/11/google-uncovers-promptflux-malware-that.html","https://cloud.google.com/blog/topics/threat-intelligence/threat-actor-usage-of-ai-tools
 https://www.sentinelone.com/labs/llms-ransomware-an-operational-accelerator-not-a-revolution/","https://cloud.google.com/blog/products/identity-security/cloud-ciso-perspectives-new-ai-threats-report-distillation-experimentation-integration
 https://www.scworld.com/brief/google-gemini-weaponized-in-state-sponsored-attacks","https://cloud.google.com/blog/topics/threat-intelligence/distillation-experimentation-integration-ai-adversarial-use
 https://simplysecuregroup.com/google-reports-state-backed-hackers-using-gemini-ai-for-recon-and-attack-support/","https://www.picussecurity.com/resource/blog/lamehug-the-first-publicly-documented-case-of-a-malware-integrating-a-llm
 https://www.catonetworks.com/blog/cato-ctrl-threat-research-analyzing-lamehug/","https://www.sentinelone.com/labs/prompts-as-code-embedded-keys-the-hunt-for-llm-enabled-malware/
 https://thehackernews.com/2025/09/researchers-uncover-gpt-4-powered.html","https://cloud.google.com/blog/topics/threat-intelligence/threat-actor-usage-of-ai-tools
 https://www.sentinelone.com/labs/prompts-as-code-embedded-keys-the-hunt-for-llm-enabled-malware/","https://www.ic3.gov/CSA/2024/240709.pdf
 https://www.justice.gov/archives/opa/pr/justice-department-leads-efforts-among-federal-international-and-private-sector-partners","https://www.newsguardtech.com/press/russias-pravda-disinformation-network-is-poisoning-western-ai-models/
 https://www.newsguardtech.com/special-reports/moscow-based-global-news-network-infected-western-artificial-intelligence-russian-propaganda","https://apnews.com/article/moldova-election-europe-disinformation-russia-461e9a1c9558ae140c5b7539a5c89fd4
 https://cyberscoop.com/researchers-say-media-outlet-targeting-moldova-is-russian-cutout/","https://www.justice.gov/archives/opa/pr/justice-department-disrupts-covert-russian-government-sponsored-foreign-malign-influence
 https://www.cybercom.mil/Media/News/Article/3895345/russian-disinformation-campaign-doppelgnger-unmasked-a-web-of-deception/","https://www.recordedfuture.com/research/operation-overload-impersonates-media-influence-2024-us-election
 https://www.isdglobal.org/digital-dispatch/stolen-voices-russia-aligned-operation-manipulates-audio-and-images-to-impersonate-experts/","https://blogs.microsoft.com/on-the-issues/2024/04/17/russia-us-election-interference-deepfakes-ai/
 https://blogs.microsoft.com/on-the-issues/2024/10/23/as-the-u-s-election-nears-russia-iran-and-china-step-up-influence-efforts/","https://www.theguardian.com/world/2023/dec/01/the-gospel-how-israel-uses-ai-to-select-bombing-targets
 https://www.hrw.org/news/2024/09/10/questions-and-answers-israeli-militarys-use-digital-tools-gaza","https://www.972mag.com/lavender-ai-israeli-army-gaza/
 https://www.theguardian.com/world/2024/apr/03/israel-gaza-ai-database-hamas-airstrikes","https://www.972mag.com/israel-gaza-lavender-ai-human-agency/
 https://justvision.org/press/israels-wheres-daddy-ai-system-helps-target-suspected-hamas-militants-when-theyre-home-their","https://www.businessinsider.com/israel-ai-system-wheres-daddy-strikes-hamas-family-homes-2024, https://www.hrw.org/news/2024/09/10/questions-and-answers-israeli-militarys-use-digital-tools-gaza#_What_is_%22Where%E2%80%99s, https://www.democracynow.org/2024/4/5/israel_ai","https://www.972mag.com/mass-assassination-factory-israel-calculated-bombing-gaza/, https://www.rusi.org/explore-our-research/publications/commentary/israels-targeting-ai-how-capable-it","https://www.atlanticcouncil.org/blogs/new-atlanticist/exposing-pravda-how-pro-kremlin-forces-are-poisoning-ai-models-and-rewriting-wikipedia/, https://www.globsec.org/what-we-do/publications/global-offensive-mapping-sources-behind-pravda-network",https://www.nytimes.com/2020/01/18/technology/clearview-privacy-facial-recognition.html,https://www.rand.org/research/projects/predictive-policing.html,https://www.brookings.edu/articles/chinas-social-credit-system/,https://arxiv.org/abs/2305.08596  https://medium.com/s2wblog/part1-getting-to-know-darkbert-a-language-model-for-the-dark-side-of-the-internet-7c4c178faf3d,https://www.washingtonpost.com/business/2026/02/25/how-scammers-are-using-ai-deepfakes-steal-money-taxpayers/ & https://www.washingtonpost.com/technology/2023/02/13/ai-porn-deepfakes-women-consent/,https://www.fbi.gov/investigate/cyber/alerts/2025/senior-us-officials-continue-to-be-impersonated-in-malicious-messaging-campaign,,,,Evidence Links,N/A (forum-based evidence),N/A (threat intel reports),N/A,https://www.fbi.gov/investigate/cyber/alerts,N/A,Evidence Links,N/A,N/A,N/A,https://arstechnica.com/information-technology/2023/04/the-passgan-ai-password-cracker-what-it-is-and-why-its-mostly-hype/ https://oecd.ai/en/incidents/2023-04-07-5d05,https://www.hyas.com/blog/blackmamba-using-ai-to-generate-polymorphic-malware https://www.sentinelone.com/blog/blackmamba-chatgpt-polymorphic-malware-a-case-of-scareware-or-a-wake-up-call-for-cyber-security/,https://www.cumbria.police.uk/SysSiteAssets/media/images/cumbria/about-us/cctv/briefcam-analytics-object-search--public-space-cctv-system.docx ,https://www.ndtv.com/feature/mysterious-hunter-alpha-ai-goes-viral-why-are-top-models-launching-in-secret-11234308 https://www.aicerts.ai/news/hunter-alpha-cutoff-implications-for-scientific-research/,https://www.jasper.ai/blog/legal-rulings-ai-fair-use,*revise,https://hai.stanford.edu/news/be-careful-what-you-tell-your-ai-chatbot,https://resistant.ai/blog/onlyfake-generative-ai-fraud,https://www.commonsensemedia.org/sites/default/files/pug/csm-ai-risk-assessment-characterai_final.pdf,https://themarkup.org/prediction-bias/2023/10/02/predictive-policing-software-terrible-at-predicting-crimes,"https://www.resecurity.com/blog/article/evilproxy-phishing-as-a-service-with-mfa-bypass-emerged-in-dark-web

https://www.okta.com/blog/threat-intelligence/evil-proxy-phishing-campaign/",https://iapp.org/news/a/italy-s-dpa-reaffirms-ban-on-replika-over-ai-and-children-s-privacy-concerns,https://www.cnn.com/2019/02/28/tech/ai-fake-faces,,,,,,,https://blog.barracuda.com/2025/08/28/wolfgpt-upgraded-dark-ai-malware https://www.trendmicro.com/vinfo/us/security/news/cybercrime-and-digital-threats/hype-vs-reality-ai-in-the-cybercriminal-underground https://news.sophos.com/en-us/2023/11/28/cybercriminals-cant-agree-on-gpts/ https://oecd.ai/en/incidents/2024-06-20-c932,https://www.infosecurityeurope.com/en-gb/blog/threat-vectors/generative-ai-dark-web-bots.html https://zvelo.com/malicious-ai-the-rise-of-dark-llms/ https://blog.barracuda.com/2025/08/14/the-dark-side-of-generative-ai--unveiling-the-ai-threat-landscap https://github.com/cybershujin/Threat-Actors-use-of-Artifical-Intelligence/blob/main/Dark%20LLMs%20and%20Malicious%20AIs.MD,https://www.pillar.security/blog/the-rise-of-dark-ai-tools-techniques-and-ai-driven-cyber-threats https://dailysecurityreview.com/blog/fraudgpt-wormgpt-and-dark-ai-models-fuel-surge-in-cybercrime/ https://blog.barracuda.com/2025/08/14/the-dark-side-of-generative-ai--unveiling-the-ai-threat-landscap https://www.infosecurity-magazine.com/news-features/top-10-ai-security-stories-2023/,https://www.sentinelone.com/labs/akirabot-ai-powered-bot-bypasses-captchas-spams-websites-at-scale/ https://thehackernews.com/2025/04/akirabot-targets-420000-sites-with.html https://www.securityweek.com/akirabot-spammed-80000-websites-with-ai-generated-messages/ https://www.infosecurity-magazine.com/news/aipowered-akirabot-captcha-spam/,https://thehackernews.com/2024/10/ai-powered-rhadamanthys-stealer-targets.html https://www.proofpoint.com/us/blog/threat-insight/security-brief-ta547-targets-german-organizations-rhadamanthys-stealer https://www.proofpoint.com/us/blog/threat-insight/operation-endgame-quakes-rhadamanthys https://thehackernews.com/2025/10/rhadamanthys-stealer-evolves-adds.html,,,,,,,"bellingcat.com/news/2024/02/23/behind-a-secretive-global-network-of-non-consensual-deepfake-pornography

wired.com/story/undress-app-ai-harm-google-apple-login",https://www.bellingcat.com/news/2024/02/23/behind-a-secretive-global-network-of-non-consensual-deepfake-pornography/,https://www.bellingcat.com/news/2024/02/23/behind-a-secretive-global-network-of-non-consensual-deepfake-pornography/,https://about.fb.com/news/2025/06/taking-action-against-nudify-apps/,https://www.ftc.gov/news-events/news/press-releases/2021/09/ftc-bans-spyfone-ceo-surveillance-business-orders-company-delete-all-secretly-stolen-data,https://www.ftc.gov/news-events/news/press-releases/2021/09/ftc-bans-spyfone-ceo-surveillance-business-orders-company-delete-all-secretly-stolen-data,https://www.malwarebytes.com/blog/news/2026/01/pctattletale-founder-pleads-guilty-as-us-cracks-down-on-stalkerware,,https://www.amnesty.org/en/latest/research/2021/07/forensic-methodology-report-how-to-catch-nso-groups-pegasus/,https://www.business-humanrights.org/en/latest-news/report-reveals-google-corsights-technologies-role-in-israels-expansive-facial-recognition-program-in-gaza/,https://www.washingtonpost.com/technology/2021/12/10/us-investment-ban-sensetime/,https://en.wikipedia.org/wiki/Megvii,https://home.treasury.gov/news/press-releases/jy0538
Reviewer Notes,,Marketed as an unrestricted AI tool and reportedly sold to cybercriminals for about $200 per month,Reported misidentification incidents and civil liberties concerns have raised scrutiny about the system’s deployment.,"The database reportedly contains over 30–50 billion images and has been used by thousands of law enforcement agencies, raising major privacy concerns.",Strong evidence of criminal positioning and no meaningful benign framing.,No verified stable vendor site; distribution appears forum- and Telegram-based.,Public evidence comes mostly from threat intelligence and forum captures rather than a stable vendor site.,One of the clearer post-WormGPT criminal AI offerings with direct self-marketing.,"Operators and ownership are intentionally obscured, but the core product is explicit and harmful.","Historically important example of controversial police AI, but not clearly marketed as harm itself.","Widely debated surveillance tool with civil-rights scrutiny, but not an openly malicious product.",Dual-use surveillance platform with serious privacy concerns and documented legal pushback.,"Commercially framed around security and efficiency, but clearly dual-use with well-documented civil-liberties concerns.",Retail-focused biometric system with active civil-liberties backlash; strong example of controversial institutional AI.,High-confidence include. Complaint and reporting frame the core product as synthetic NCII generation.,Distinct from WormGPT family already in sheet.,Focused on email fraud rather than nudify/deepfake content.,High-confidence purpose-built criminal AI listing.,"Purpose-built for fraud, not dual use.",Clear exploitation-focused entry.,High-confidence include.,"This refers to the dark-web marketed tool, not the academic model of the same name.",Used here as a distinct fraud-focused criminal LLM entry.,Named AI-assisted malware family from GTIG reporting.,"Strong, named AI-enabled malware case.",Directly tied to secret and wallet hunting.,Named in GTIG follow-up reporting.,"Good non-clothing, non-nudify phishing entry.",Widely cited named AI-enabled malware case.,Included as a named AI-enabled malware family.,Named AI-assisted ransomware case.,Clear information-manipulation entry.,Useful for the information/perception category.,Election-focused influence operation.,Distinct named influence campaign.,Fits directly under information and perception manipulation.,Separate named influence actor from Doppelganger.,Institutional system rather than underground criminal tool.,Often discussed together with Where's Daddy.,Institutional targeting system; included as separate named tool.,Israel considers civilians unintentionally killed as a result of Where’s Daddy as “collateral damage”. Where’s Daddy uses data from the Habsora AI.,The targets fed into the Lavender and Where’s Daddy systems to execute the killings.,"The network itself is not the AI, but the network uses its own AI to produce the articles that are in the network.",Controversial institutional AI focused on surveillance rather than intentionally harmful design.,Often cited in AI ethics debates regarding bias in policing algorithms.,Widely debated example of AI-enabled social governance and surveillance.,"Unlike general LLMs, DarkBERT is explicitly trained on criminal ecosystems, strengthening intent and harm alignment.",Stronger than general deepfake tools because many platforms are explicitly monetized for abuse and harassment use cases.,"This is a borderline case because the base tool is dual-use, but repeated real-world scam deployments and law enforcement warnings justify inclusion under a harm-first framing.",,,,Reviewer Notes,Strong malicious intent; no benign use,Clear cybercrime positioning,Direct harm product,Borderline dual-use but strong fraud evidence,Clearly malicious objective,Reviewer Notes,Designed for financial exploitation,Targeted cyberattack concept,Clear narrative manipulation tool,Can be subjective,steals sensitive data to prove other AI systems' potential,"converts video into actionable intelligence for rapid search, actionable alerts, and operational analytic",Weak sourcing—consider replacing if academic rigor matters.,Not harmful by design—risk comes from misuse.,similar to Jasper but more focused on short-form persuasion.,n/a,"Strong, well-documented criminal AI example.",concerns are ethical/psychological.,Strong ethical controversy example.,,,,,,,,,,Distinct from WormGPT and Evil-GPT; specifically emphasizes cryptographic malware and code obfuscation as its core differentiators. Marketing was explicit about criminal use. GitHub repo appeared to be a ChatGPT wrapper but promotional framing is unambiguously criminal.,"Distinct from DarkBERT (already listed). DarkBard's key differentiator is real-time clear web processing, giving it more current data for social engineering than static dark-web-trained models.","Actual technical capabilities are limited (it is Auto-GPT with a modified goal prompt), but the deliberate, public design intent to cause human harm is unambiguous and widely documented. Unique case: the harm design is explicit rather than inferred.",AI-generated content is the core product feature — not a side effect — enabling spam to bypass filters. OpenAI disabled the API key after SentinelOne's disclosure. Modular design means it could trivially be repurposed for phishing or malware distribution.,"Distinct from other malware on list because the AI feature (OCR for crypto seed phrases) is a designed, marketed product capability — not incidental use. Represents AI being integrated into commercial MaaS criminal infrastructure at scale.",,,,,,,Clear case harm is core product,Clear case harm is core product,Clear case harm is core product,Clear strong case harm is core product,Strong FTC enforcement confirms intentional covert surveillance tool,Strong case similar to stalkerware ecosystem with covert monitoring intent,Explicit marketing for spying on partners makes intent clear,,Clear institutional tool with strong evidence of abuse but not designed solely for harm,Institutional tool with strong rights concerns but not designed solely for harm,Strong evidence of surveillance misuse but not designed solely for harm,Major surveillance firm with strong human rights concerns but not explicitly designed solely for harm,Strong evidence of surveillance abuse but not designed solely for harm
,,,,,,,,,,,,,,,,,,,,,,,,,,,,,,,,,,,,,,,,,,,,,,,,,,,,,,,,,,,,,,,,,,,,,,,,,,,,,,,,,,,,,,,,,,,,,,,,,,,,,,,,,
,,,,,,,,,,,,,,,,,,,,,,,,,,,,,,,,,,,,,,,,,,,,,,,,,,,,,,,,,,,,,,,,,,,,,,,,,,,,,,,,,,,,,,,,,,,,,,,,,,,,,,,,,
,,,,,,,,,,,,,,,,,,,,,,,,,,,,,,,,,,,,,,,,,,,,,,,,,,,,,,,,,,,,,,,,,,,,,,,,,,,,,,,,,,,,,,,,,,,,,,,,,,,,,,,,,
,,,,,,,,,,,,,,,,,,,,,,,,,,,,,,,,,,,,,,,,,,,,,,,,,,,,,,,,,,,,,,,,,,,,,,,,,,,,,,,,,,,,,,,,,,,,,,,,,,,,,,,,,
,,,,,,,,,,,,,,,,,,,,,,,,,,,,,,,,,,,,,,,,,,,,,,,,,,,,,,,,,,,,,,,,,,,,,,,,,,,,,,,,,,,,,,,,,,,,,,,,,,,,,,,,,
,,,,,,,,,,,,,,,,,,,,,,,,,,,,,,,,,,,,,,,,,,,,,,,,,,,,,,,,,,,,,,,,,,,,,,,,,,,,,,,,,,,,,,,,,,,,,,,,,,,,,,,,,
,,,,,,,,,,,,,,,,,,,,,,,,,,,,,,,,,,,,,,,,,,,,,,,,,,,,,,,,,,,,,,,,,,,,,,,,,,,,,,,,,,,,,,,,,,,,,,,,,,,,,,,,,
,,,,,,,,,,,,,,,,,,,,,,,,,,,,,,,,,,,,,,,,,,,,,,,,,,,,,,,,,,,,,,,,,,,,,,,,,,,,,,,,,,,,,,,,,,,,,,,,,,,,,,,,,
,,,,,,,,,,,,,,,,,,,,,,,,,,,,,,,,,,,,,,,,,,,,,,,,,,,,,,,,,,,,,,,,,,,,,,,,,,,,,,,,,,,,,,,,,,,,,,,,,,,,,,,,,
,,,,,,,,,,,,,,,,,,,,,,,,,,,,,,,,,,,,,,,,,,,,,,,,,,,,,,,,,,,,,,,,,,,,,,,,,,,,,,,,,,,,,,,,,,,,,,,,,,,,,,,,,
,,,,,,,,,,,,,,,,,,,,,,,,,,,,,,,,,,,,,,,,,,,,,,,,,,,,,,,,,,,,,,,,,,,,,,,,,,,,,,,,,,,,,,,,,,,,,,,,,,,,,,,,,
,,,,,,,,,,,,,,,,,,,,,,,,,,,,,,,,,,,,,,,,,,,,,,,,,,,,,,,,,,,,,,,,,,,,,,,,,,,,,,,,,,,,,,,,,,,,,,,,,,,,,,,,,
,,,,,,,,,,,,,,,,,,,,,,,,,,,,,,,,,,,,,,,,,,,,,,,,,,,,,,,,,,,,,,,,,,,,,,,,,,,,,,,,,,,,,,,,,,,,,,,,,,,,,,,,,
,,,,,,,,,,,,,,,,,,,,,,,,,,,,,,,,,,,,,,,,,,,,,,,,,,,,,,,,,,,,,,,,,,,,,,,,,,,,,,,,,,,,,,,,,,,,,,,,,,,,,,,,,
,,,,,,,,,,,,,,,,,,,,,,,,,,,,,,,,,,,,,,,,,,,,,,,,,,,,,,,,,,,,,,,,,,,,,,,,,,,,,,,,,,,,,,,,,,,,,,,,,,,,,,,,,
,,,,,,,,,,,,,,,,,,,,,,,,,,,,,,,,,,,,,,,,,,,,,,,,,,,,,,,,,,,,,,,,,,,,,,,,,,,,,,,,,,,,,,,,,,,,,,,,,,,,,,,,,
,,,,,,,,,,,,,,,,,,,,,,,,,,,,,,,,,,,,,,,,,,,,,,,,,,,,,,,,,,,,,,,,,,,,,,,,,,,,,,,,,,,,,,,,,,,,,,,,,,,,,,,,,
,,,,,,,,,,,,,,,,,,,,,,,,,,,,,,,,,,,,,,,,,,,,,,,,,,,,,,,,,,,,,,,,,,,,,,,,,,,,,,,,,,,,,,,,,,,,,,,,,,,,,,,,,
,,,,,,,,,,,,,,,,,,,,,,,,,,,,,,,,,,,,,,,,,,,,,,,,,,,,,,,,,,,,,,,,,,,,,,,,,,,,,,,,,,,,,,,,,,,,,,,,,,,,,,,,,
,,,,,,,,,,,,,,,,,,,,,,,,,,,,,,,,,,,,,,,,,,,,,,,,,,,,,,,,,,,,,,,,,,,,,,,,,,,,,,,,,,,,,,,,,,,,,,,,,,,,,,,,,
,,,,,,,,,,,,,,,,,,,,,,,,,,,,,,,,,,,,,,,,,,,,,,,,,,,,,,,,,,,,,,,,,,,,,,,,,,,,,,,,,,,,,,,,,,,,,,,,,,,,,,,,,
,,,,,,,,,,,,,,,,,,,,,,,,,,,,,,,,,,,,,,,,,,,,,,,,,,,,,,,,,,,,,,,,,,,,,,,,,,,,,,,,,,,,,,,,,,,,,,,,,,,,,,,,,
,,https://docs.google.com/document/d/1jeglrsAc9jNYKdvas-7dgfNQJst-tFfWKmFrNSn2zqo/edit?tab=t.0 - Shiv,"An AI system whose objective function, deployment context, and incentive alignment are structured to exploit vulnerability, remove moral agency, or systematically amplify power asymmetries in high-stakes domains.","AI system that is intentionally designed for malicious intents & undermines human autonomy, dignity, safety / well-being",,,,,,,,,,,,,,,,,,,,,,,,,,,,,,,,,,,,,,,,,,,,,,,,,,,,,,,,,,,,,,,,,,,,,,,,,,,,,,,,,,,,,,,,,,,,,,,,,,,,,
,,"I. Information and Perception Manipulation: Automated Disinformation Systems, Synthetic Media Deception, and  Narrative Amplification Engines (Shiv)  |  II. Exploitation and Manipulation: Predatory Targeting Systems, Addiction Optimization Systems, and Financial Extraction Algorithms (Diya)  |  III. Surveillance and Control: Mass Surveillance Systems, Predictive Suppression Systems, and Social Scoring Mechanisms  (Aayush) |  IV. Cyber and Infrastructure Harm: Automated Cyberattack Tools,  Infrastructure Disruption Systems, and Autonomous Weaponization (Shaurya)  |   V. Institutional and Structural Manipulation: Metric Gaming Systems, Market Manipulation Systems, and Accountability Evasion Systems (Dileep)","Does this AI system have the potential to cause evil in the hands of the wrong person?

If you rewrote the system’s objective in plain English, would it describe exploitation, control, punishment, or extraction?

Does the system function by identifying and acting upon human weakness or structural disadvantage?

Does this AI replace meaningful human moral judgment in high-stakes decisions?

Does this system increase the ability of institutions to dominate marginalized groups?

Is the optimization goal intrinsically exploitative?",1) Malicious by Design AI: built specifically to cause harm to others                                              2) Weaponzied AI: built for neutral,,,,,,,,,,,,,,,,,,,,,,,,,,,,,,,,,,,,,,,,,,,,,,,,,,,,,,,,,,,,,,,,,,,,,,,,,,,,,,,,,,,,,,,,,,,,,,,,,,,,,